customer_id,tenure,monthly_charges,total_charges,support_calls,usage_frequency,churn
CUST-0000,52,105.56964681062857,5554.020757842782,2,0.3616660831950428,0
CUST-0001,15,103.02198645669915,1524.1891987962101,1,0.10840037271662273,0
CUST-0002,61,59.71835296184548,3655.8526723300947,0,0.875933022186205,0
CUST-0003,21,86.80851365706462,1752.9533887846098,1,0.7831600290279028,0
CUST-0004,24,40.4984295415821,1007.9541735415398,3,0.1681180975977251,0
CUST-0005,3,49.31477302610133,220.26951587563286,1,0.5122605638762605,0
CUST-0006,22,109.63358185211197,2386.206723285556,1,0.4873748079212449,0
CUST-0007,53,21.300192351073605,1073.399025281421,2,0.6250915526865286,0
CUST-0008,2,28.550853085446807,71.00085940802904,5,0.9461868939912612,0
CUST-0009,30,40.78862551460273,1296.399297687669,4,0.5797714417624796,0
CUST-0010,38,22.65322038738197,788.3295464464695,2,0.5402172667786186,0
CUST-0011,2,38.14354350897973,20.971677956542365,2,0.050322932934663944,0
CUST-0012,64,78.30415609696922,4988.756512290454,5,0.06290747601802393,0
CUST-0013,60,62.1424550592498,3687.5301123284535,1,0.1873467913267889,0
CUST-0014,21,109.26717110769748,2253.751319931197,2,0.03247077169174828,0
CUST-0015,33,101.7443561738441,3252.8577223536663,1,0.7433528955700124,0
CUST-0016,58,54.1817351697876,3171.9934872179742,3,0.7233303039939631,0
CUST-0017,22,45.94234334312925,1027.6675786923254,0,0.13605623443164294,0
CUST-0018,49,57.96924081672669,2755.5503400294256,0,0.8360789007952809,0
CUST-0019,59,79.02949425148077,4735.599948835178,2,0.15478603484611198,0
CUST-0020,42,46.80636408228763,2049.921907202605,1,0.3011755869973588,0
CUST-0021,60,82.41489078491341,4907.348169605799,1,0.248976899161365,0
CUST-0022,15,60.941165219124045,972.444907835711,2,0.3723070985730478,0
CUST-0023,62,75.20471808519802,4634.042631032729,1,0.25466376588996187,0
CUST-0024,62,63.61265291353167,3953.0403061495163,2,0.48895092643845206,0
CUST-0025,47,49.44657595419177,2282.200963095968,2,0.4074078813546854,0
CUST-0026,62,114.84533069621567,7231.123079338486,3,0.9865694907793265,0
CUST-0027,51,96.36057941597608,4899.588688848285,3,0.055926350128225666,1
CUST-0028,55,34.011317576645254,1876.9449178566622,1,0.14218137638735162,0
CUST-0029,64,106.84679758979128,6803.798176373451,1,0.052825893908602484,0
CUST-0030,3,68.74311982495136,299.29513933667386,1,0.6258411949823758,0
CUST-0031,51,109.45522268940914,5676.547089464336,2,0.05450927741371958,0
CUST-0032,7,99.98552559473153,781.4451382262678,2,0.8364397373761233,0
CUST-0033,21,62.52135044692334,1360.7703768027714,1,0.5119386306819278,0
CUST-0034,39,22.24693083201174,836.3908251017551,1,0.5270076245815337,0
CUST-0035,18,46.867735938494604,885.0117516910237,3,0.5615945077121942,0
CUST-0036,4,74.16342146608669,296.30154591811,1,0.17081370630621073,0
CUST-0037,60,83.34782198261473,5066.489750044016,5,0.19769030311448754,1
CUST-0038,14,45.78876854332023,696.8378622747514,2,0.3188173228730047,0
CUST-0039,9,33.93560740728241,272.9571877617455,3,0.5934964158218514,0
CUST-0040,53,103.4930236799299,5532.521545178146,0,0.21011777594021452,0
CUST-0041,2,118.44021807035521,270.98215864290677,3,0.11633172713326123,0
CUST-0042,60,72.56901823026858,4215.462950670443,0,0.9701168864184322,0
CUST-0043,71,37.16792858483035,2678.969761504428,4,0.021981814809622913,1
CUST-0044,44,47.2307326519369,2056.5624472532136,1,0.8026974053360216,0
CUST-0045,8,21.839067654746675,130.41041852138972,2,0.7880351495750221,0
CUST-0046,47,111.4298806560499,5195.041360619659,3,0.297214113845096,0
CUST-0047,35,31.775108289014113,1105.3666453338924,1,0.1356266160073134,0
CUST-0048,36,77.65164755142536,2819.462290855647,0,0.14562864670542341,0
CUST-0049,50,47.4055220687206,2302.003002326421,2,0.6974316172371925,0
CUST-0050,4,75.41780025157934,311.16359281694054,2,0.6428065910861737,0
CUST-0051,2,85.14203883518643,199.12198098002645,2,0.7827456742513867,0
CUST-0052,6,102.97418037072016,710.9353714078026,0,0.9374811723991047,0
CUST-0053,54,40.64212717606032,2140.8403590460007,3,0.691927363266592,0
CUST-0054,4,21.09958286584805,66.917722124502,5,0.15585153655144346,0
CUST-0055,54,33.68856300688073,1832.2655510063832,1,0.24344261676541068,0
CUST-0056,63,110.00186418481051,6987.487910152643,2,0.8421937308731146,0
CUST-0057,18,107.38900775625153,1917.7909455539368,2,0.20930607583420857,0
CUST-0058,44,79.74131021703083,3568.549718148909,6,0.07252231695448141,0
CUST-0059,34,80.05168604336534,2624.889209650599,1,0.7032800540422505,0
CUST-0060,62,86.50366745462554,5300.559972530689,2,0.40252635549014204,0
CUST-0061,14,37.53712786234496,542.9520072895405,1,0.9200400525459036,0
CUST-0062,48,111.44119459249598,5278.6361155354125,1,0.6502550710936615,0
CUST-0063,15,61.87705248920731,869.4322609997737,2,0.09041897779166075,0
CUST-0064,62,58.31385282494975,3589.0700319345874,0,0.9478565672536607,0
CUST-0065,40,71.89177052828376,2914.2427707271413,4,0.2585572636402459,1
CUST-0066,53,24.696596677505504,1214.1213818424271,2,0.33721249040628576,0
CUST-0067,24,36.62833687560794,887.5950031227103,3,0.40226041368354204,0
CUST-0068,26,93.80336164263704,2490.535600066203,1,0.05122429640431325,0
CUST-0069,60,28.279866792512646,1687.044747129311,1,0.49651542223060485,0
CUST-0070,41,80.31521094663881,3274.4821373325644,3,0.12331849107529225,1
CUST-0071,29,44.534910968132095,1311.6009822037595,2,0.40097032668835175,0
CUST-0072,15,58.929561404197656,874.3378684268928,2,0.3507097879920843,0
CUST-0073,45,48.86937367706999,2268.646804530187,0,0.7728400834265033,0
CUST-0074,65,55.567271646494916,3556.302006415448,1,0.8031705116327311,0
CUST-0075,71,91.90459051842456,6522.643719049889,2,0.153412882389088,0
CUST-0076,9,49.7121715623175,457.6938628088917,0,0.3665511873792262,0
CUST-0077,1,76.64046402968972,57.71776143736675,4,0.3733531610318317,0
CUST-0078,8,67.60504021990997,397.27618861140667,5,0.15141044393608505,0
CUST-0079,63,86.36711653626482,5433.083096382224,0,0.7984535050511905,0
CUST-0080,11,113.6829739324758,1295.521562602857,0,0.7072283283354233,0
CUST-0081,8,93.25720972102503,784.9631370745011,6,0.19038178629703473,1
CUST-0082,35,41.494037859075675,1470.0302491761586,0,0.36672190859379905,0
CUST-0083,35,23.118313506128466,754.2478547970352,1,0.10580502485651422,0
CUST-0084,33,46.22640442998251,1545.236819312347,0,0.6282065970930439,0
CUST-0085,5,79.50779307002549,368.86707427301553,3,0.12137192454861967,0
CUST-0086,41,25.142581348425033,1048.5199805828597,2,0.9859341686249178,0
CUST-0087,28,69.63662472012363,1955.9007427335475,3,0.7806820746878623,0
CUST-0088,7,79.68428489168892,508.97123067765386,5,0.39023854958399506,1
CUST-0089,12,53.424389081696084,596.4698770125078,5,0.5785639322793544,1
CUST-0090,34,97.09122037458219,3318.8526154568704,2,0.9113418162164088,0
CUST-0091,33,30.65982531337718,1000.7185805770218,3,0.5540992803958261,1
CUST-0092,48,27.513778173580874,1278.6472807990256,6,0.17449848639795518,0
CUST-0093,23,92.81887562036033,2088.692629781946,3,0.3787033555811593,0
CUST-0094,62,69.54913162061985,4296.85461807912,2,0.8431448650297454,0
CUST-0095,37,88.84023964277361,3365.494106518534,3,0.6442130159896179,0
CUST-0096,44,63.48273386037462,2766.936388245885,1,0.6507243843338003,0
CUST-0097,35,44.64020332391068,1561.7061394239945,1,0.8668214856884892,0
CUST-0098,65,101.91023176741997,6629.247279266773,4,0.8939730574625047,0
CUST-0099,47,99.94158789689793,4640.703311579606,0,0.9197925717794363,0
CUST-0100,3,89.46964708544267,180.26731706419326,6,0.0948491932531561,0
CUST-0101,1,47.21451372299627,-4.117523013790276,2,0.5441260019631009,0
CUST-0102,5,79.0230666869087,407.46920232485866,3,0.7405095212183186,0
CUST-0103,14,56.09738969400268,789.730008611808,2,0.7569268451270138,0
CUST-0104,27,29.158207332663416,822.3919264394655,0,0.6067162019700039,0
CUST-0105,9,111.73135754622427,1010.4197126639742,1,0.16678733518367417,0
CUST-0106,15,33.68186309189614,499.7504818049819,4,0.7974205539416643,0
CUST-0107,42,115.02373538208025,4800.796272301113,3,0.7201113335149457,0
CUST-0108,51,64.60057729579557,3338.859781578709,3,0.08613577154903629,0
CUST-0109,63,38.513292883861965,2380.378444747268,5,0.46380982467437626,0
CUST-0110,52,74.1900947378358,3802.364950502661,1,0.17397739952180358,0
CUST-0111,4,107.29458358764083,457.53111021996847,4,0.3374770457129719,1
CUST-0112,23,93.22248864095612,2077.459373209308,1,0.018081092205685434,0
CUST-0113,15,100.65611478614497,1630.581271725106,1,0.40032986841075824,0
CUST-0114,43,85.87833667107174,3696.768145884042,1,0.5498769211562105,0
CUST-0115,29,89.22765645178525,2604.9973429180163,0,0.6195825928270868,0
CUST-0116,36,104.91956515653193,3736.68335440898,1,0.6634903451287101,0
CUST-0117,13,44.966800885918595,568.8051693048644,4,0.83629131310246,0
CUST-0118,32,68.94249636431405,2184.822027813932,2,0.21546290727573003,0
CUST-0119,71,42.120944181960226,2963.495287535744,1,0.12048182243846794,0
CUST-0120,59,118.7668007996647,7038.889334755709,1,0.8515371718979257,0
CUST-0121,28,114.40593396866133,3180.8873492112534,1,0.1566128148926499,0
CUST-0122,66,23.942681136850588,1631.092016486348,2,0.9747600813361953,1
CUST-0123,42,90.55751725156884,3936.5748420718824,2,0.842538229398637,0
CUST-0124,45,112.52483174156659,5048.84036636317,0,0.5008766058895991,0
CUST-0125,62,38.057534512733355,2367.182915468299,2,0.9814214249220252,0
CUST-0126,57,76.79452305526294,4396.2619170082635,1,0.09737672910800421,0
CUST-0127,6,111.54882975880419,759.868219182501,2,0.30306576117510164,0
CUST-0128,28,23.394597858579885,650.9163507883273,2,0.6382244150406114,0
CUST-0129,28,89.742026724684,2471.3259023082337,0,0.35000686847317874,0
CUST-0130,44,49.734900737255074,2125.0186071579383,2,0.9283725519807918,0
CUST-0131,30,112.43961953765304,3370.28938875798,0,0.06562608817781757,0
CUST-0132,62,117.10582451653677,7238.142109072585,3,0.5494118320609646,1
CUST-0133,62,114.42664891134339,7194.95269696829,4,0.5908662673951145,0
CUST-0134,1,67.42142166574638,155.91454269959468,4,0.6527281237772241,0
CUST-0135,27,106.20426509893134,2815.7965162749665,3,0.25566622333181444,1
CUST-0136,62,104.45493985350704,6440.668265739978,3,0.36456642751986446,1
CUST-0137,3,51.91004732432556,159.418647367321,2,0.8436805296649776,0
CUST-0138,70,102.89154741506773,7272.26964018268,0,0.19494276897015983,0
CUST-0139,27,23.700763471549262,642.7712705503826,2,0.826867847173362,0
CUST-0140,9,79.6269878482053,684.2808587344455,3,0.5626554229027424,1
CUST-0141,62,43.000883728770305,2663.1107006886227,1,0.7621875111940821,0
CUST-0142,37,32.05668857772788,1154.6732341811294,2,0.7136073662634715,0
CUST-0143,51,27.695320162920915,1442.5851887809406,1,0.207511495384879,0
CUST-0144,44,89.62887758781397,3908.2189282805793,1,0.5688127364338729,0
CUST-0145,24,53.98749637680661,1270.1781104220104,2,0.8677231528050924,0
CUST-0146,59,92.47667715287615,5514.220642692498,3,0.43211623680192934,0
CUST-0147,32,26.535634079894237,810.722043190912,2,0.9665907702233167,0
CUST-0148,52,51.52903378306104,2607.203355091166,0,0.45221510010171806,0
CUST-0149,62,73.94912923753373,4589.595700294906,3,0.14278563666788469,0
CUST-0150,58,99.07231648389636,5728.170685855758,2,0.38943468007767323,1
CUST-0151,52,51.87525029320699,2723.0837902932612,2,0.9517024063905372,0
CUST-0152,12,82.58913764370091,1006.9432484609655,0,0.31972084933985423,0
CUST-0153,39,108.5977748236187,4233.7172933889615,4,0.8680981598670628,0
CUST-0154,2,81.58631881823047,160.12046636296114,2,0.8812506816818898,0
CUST-0155,3,43.29594747536338,93.09491995994837,2,0.35018652433196107,0
CUST-0156,56,22.4400781556538,1260.811730266275,1,0.08325765805063212,0
CUST-0157,59,107.00988739009298,6357.6475950871245,2,0.7245579091588182,0
CUST-0158,2,22.126941085038712,-4.418454899896382,2,0.311512299013986,0
CUST-0159,2,107.47016726841994,214.67046571876315,2,0.7829236142575724,0
CUST-0160,54,72.8937134027212,3988.179961533676,4,0.4426548482604331,0
CUST-0161,1,113.90676985128962,139.1779745121246,0,0.48526674234262157,0
CUST-0162,19,99.87832357736654,1963.1617927875,1,0.7779094067485368,0
CUST-0163,2,119.79341105333374,211.17970561495076,4,0.3823633310616279,1
CUST-0164,53,55.071181545171015,2827.2341994743206,0,0.44312734532291453,0
CUST-0165,44,96.71882889311269,4265.661061494742,0,0.37619046876962214,0
CUST-0166,32,60.193091360924214,1944.307464300899,3,0.36734051527727996,0
CUST-0167,70,67.98756203039088,4827.550439850995,0,0.5259465769014594,0
CUST-0168,32,82.750546321837,2707.4247690341335,1,0.8087994445011507,0
CUST-0169,68,107.36771141863387,7327.841557617727,0,0.36176831192256587,0
CUST-0170,55,118.40834691992951,6550.728591304645,1,0.5242547205377367,0
CUST-0171,56,96.82734138645182,5412.74004473097,2,0.6707273254426008,0
CUST-0172,17,61.77667821673337,989.2477991185066,2,0.269439446303655,0
CUST-0173,38,62.13570022770702,2367.0426695219126,1,0.27752280490239256,1
CUST-0174,24,93.75823015888915,2299.3261969947284,2,0.9334131270234548,0
CUST-0175,69,43.87771457683023,3060.380349292713,3,0.7235345733310886,0
CUST-0176,70,31.047411313139467,2215.009158877731,0,0.5771866762233089,0
CUST-0177,11,55.462215764077655,588.6965890525166,3,0.647720054420612,0
CUST-0178,16,48.72389916540817,766.3050447456095,1,0.029299443103418366,0
CUST-0179,59,49.63081204559901,2952.3891850960713,4,0.6181029655616969,0
CUST-0180,70,43.36077510499099,3007.9288876239316,5,0.5095088732242019,0
CUST-0181,3,24.20931896363619,46.84210339425845,1,0.5457496797794357,0
CUST-0182,20,21.787393473341382,450.64698128570024,1,0.3594238268308171,0
CUST-0183,59,118.77223897360315,7045.607336600432,4,0.08147389771294189,1
CUST-0184,36,62.77731337358623,2250.006847782634,1,0.19333923361205219,0
CUST-0185,19,58.432664715968166,1052.0611565507131,1,0.9507447132126717,0
CUST-0186,67,87.96472826930699,5856.846598291427,3,0.40869956227093396,0
CUST-0187,19,41.825388786506416,804.8659911882768,2,0.46668315583086417,0
CUST-0188,20,114.99611839502253,2309.4984160937493,0,0.05270978985343899,0
CUST-0189,71,98.6345014415552,7015.111509233187,1,0.03756622954398059,0
CUST-0190,52,28.941100231225953,1531.0019765535374,2,0.7171814470467577,0
CUST-0191,33,61.75807757849284,2038.3070880173861,1,0.5380946641211113,0
CUST-0192,40,107.91183075621647,4329.726032490675,4,0.5087059842162667,0
CUST-0193,39,114.47320222914102,4462.203545795057,3,0.24312453042266868,0
CUST-0194,1,66.74015112498697,124.17682527145891,0,0.7447507316299222,0
CUST-0195,11,81.34113892107078,966.3696296926537,2,0.16823657910849188,1
CUST-0196,57,36.70339460920752,2032.642928605827,4,0.18993474366102003,0
CUST-0197,50,119.11686261369765,5943.0805335797695,2,0.46071217134827547,0
CUST-0198,23,43.16717013834434,994.4811377589551,1,0.2862798621119409,0
CUST-0199,31,114.27317741351257,3529.1227642181734,2,0.24746298123314636,0
CUST-0200,42,84.96466489923685,3658.1620553344915,2,0.6452376445533317,0
CUST-0201,7,80.77367948788591,576.6135203196881,2,0.6509717452185445,0
CUST-0202,16,71.26885110165085,1100.0330262738964,1,0.8245170697999292,0
CUST-0203,60,43.066981171775865,2613.8409872845855,0,0.41770856697297587,0
CUST-0204,2,37.65280320055083,88.8543333434113,3,0.07308509102615024,1
CUST-0205,1,42.048620907017536,57.25826688468862,6,0.2736663849214577,1
CUST-0206,48,38.64382621442545,1945.2974662323813,1,0.9800054631968169,0
CUST-0207,12,97.95844735667534,1193.0406270678445,2,0.5962585752327021,0
CUST-0208,69,55.01252591667301,3780.681212056738,2,0.7097370848010203,0
CUST-0209,37,25.784267656339637,856.2540819690614,2,0.007357829625414536,0
CUST-0210,32,116.91026301408114,3732.858465543421,2,0.5182057321825209,1
CUST-0211,9,108.37858849634257,1040.7057923334426,2,0.03752865753180312,0
CUST-0212,19,112.77522831952129,2138.170882093095,1,0.569230212091448,0
CUST-0213,48,119.49078226464353,5623.555053776914,4,0.9207708496360754,0
CUST-0214,3,37.389524921948734,87.25045515622388,3,0.9684191305004078,0
CUST-0215,20,59.62420189026587,1242.1184647509572,0,0.5405526753889242,0
CUST-0216,24,95.82384757040913,2327.0632004179197,2,0.45820480525221596,0
CUST-0217,54,89.60206180537922,4796.517292664941,2,0.945017094248494,0
CUST-0218,33,35.389590633985506,1139.5922521015677,3,0.6736098319966951,0
CUST-0219,24,101.58331249906178,2417.4640670223616,1,0.06489927953840946,0
CUST-0220,36,42.44405718366607,1494.8503700188319,2,0.46572557766749756,0
CUST-0221,38,42.381761482262306,1509.0232429389885,0,0.2402450184643039,0
CUST-0222,25,73.69744228934135,1880.6156122645266,3,0.46980432144868156,0
CUST-0223,18,79.29399348417031,1490.1448805495204,3,0.45546557200636173,0
CUST-0224,66,78.00862078378111,5072.646524531317,2,0.582144802814742,0
CUST-0225,54,29.148683739775485,1636.2215685771919,0,0.35677049034925123,0
CUST-0226,35,107.74608626303804,3765.9618591364706,3,0.16427044945592806,0
CUST-0227,61,46.560004258870606,2901.4168771995005,2,0.5037194345899563,0
CUST-0228,41,32.95149212828042,1352.9086990740198,4,0.8302028843457621,0
CUST-0229,33,108.87480798689772,3599.6458931755565,1,0.6640122280676023,0
CUST-0230,68,115.56514982297534,7877.0519203114345,3,0.33836786592521584,0
CUST-0231,33,106.21276172654507,3465.5178207192234,2,0.9355230227588572,0
CUST-0232,14,100.95160747248781,1473.0562118312305,4,0.9122075712491822,0
CUST-0233,21,85.52419806390218,1739.9391274382065,0,0.20934839938409877,0
CUST-0234,48,75.08573706091393,3584.0120416980353,2,0.039417585120362975,1
CUST-0235,20,28.698675991141016,600.1867537049787,1,0.7413087083507622,0
CUST-0236,8,60.845321307069874,461.3028084322858,1,0.8276102613491533,0
CUST-0237,7,57.2688517012314,439.75852394936703,1,0.9678645659513553,0
CUST-0238,67,45.97537837603262,3149.1436598533837,0,0.8898363940883107,0
CUST-0239,17,92.3420113688585,1620.4414933232863,1,0.6005347682064148,0
CUST-0240,33,69.58757350787708,2199.5841600760127,2,0.5300523392123808,0
CUST-0241,48,28.104621590764793,1355.3141848376779,3,0.02784105126258629,0
CUST-0242,59,42.01832019498113,2530.5150220387063,5,0.24665644684477783,0
CUST-0243,22,88.32587636595959,1877.3318377100081,3,0.45961475173292643,0
CUST-0244,30,27.61308594903002,864.5731078323444,2,0.6285039000835678,0
CUST-0245,38,105.12069140487687,4027.9593124672865,4,0.5572518333184107,1
CUST-0246,51,69.51465270139744,3484.642793174356,3,0.7426359896816905,0
CUST-0247,54,68.0586577326648,3716.8791508509075,2,0.27976693088704085,0
CUST-0248,8,79.24077846595176,647.5611174041109,1,0.5649526076524732,0
CUST-0249,27,102.46809659251491,2799.157697433966,1,0.08814224339079213,0
CUST-0250,27,54.780920790219305,1430.7692420476646,4,0.41366552358320696,1
CUST-0251,21,87.80161525590636,1851.3407261926027,5,0.750160832954601,0
CUST-0252,30,76.5731963995791,2211.9519642807572,1,0.693400853429044,0
CUST-0253,28,46.70282701694213,1193.829596097727,3,0.990642737172179,0
CUST-0254,64,107.8629986355158,6910.273333999398,2,0.277891125987756,1
CUST-0255,69,99.74260216069281,6937.26942942587,1,0.49818929917397914,0
CUST-0256,61,85.84518346584255,5249.20303212965,2,0.3295304137739967,0
CUST-0257,48,105.05817290942419,5039.619996455154,1,0.44060311405917474,0
CUST-0258,19,106.72942009598023,2018.4822758208807,2,0.8569501298693881,0
CUST-0259,4,90.83629767150347,316.2169211138606,1,0.6842090751884866,0
CUST-0260,35,103.7013328363672,3618.4536040830867,0,0.8824411913475817,0
CUST-0261,64,89.74714616692836,5764.901578096637,2,0.20351110833188646,0
CUST-0262,49,88.01407717603004,4290.928669985441,1,0.873361117841438,0
CUST-0263,17,81.86113782151844,1429.1686856576023,2,0.05976227417838442,0
CUST-0264,44,95.27166395576413,4201.751965746851,3,0.8885992804371524,0
CUST-0265,30,35.86051052930737,1091.6642867678913,0,0.3290737794607279,0
CUST-0266,46,108.08707591989284,5016.438629992619,0,0.3145876334140665,0
CUST-0267,6,107.1843527745232,616.7683450143898,2,0.5120885766986639,0
CUST-0268,37,22.924728303455915,881.1839765372164,1,0.9406901877232318,0
CUST-0269,24,102.58167505647627,2442.636365492832,2,0.04778136468140537,0
CUST-0270,46,32.88698674734452,1529.77711456879,3,0.3522309750707453,0
CUST-0271,53,53.51188542591419,2803.8413600416234,2,0.8565719886833357,0
CUST-0272,60,94.35082562916078,5615.51434659641,3,0.39605447743546673,0
CUST-0273,63,36.07598960483082,2277.3805823867665,3,0.199156897597067,0
CUST-0274,32,101.79670241190622,3163.2344745799433,3,0.4247941813314118,0
CUST-0275,33,103.21341779577419,3391.2294150851044,2,0.3855525014916693,0
CUST-0276,67,70.74677337608362,4659.714965917144,0,0.9154162014667034,0
CUST-0277,18,20.63858717168336,410.45627080598086,2,0.7619343757430971,0
CUST-0278,25,48.70381331749128,1270.100862742728,2,0.5051155557440064,0
CUST-0279,54,81.69269183757422,4368.207798157967,2,0.9883705667215711,0
CUST-0280,58,118.11861780274235,6872.295480682731,3,0.4652775312759233,0
CUST-0281,67,83.18135270166684,5618.1074166960525,1,0.05823783082027523,0
CUST-0282,46,45.98035810641598,2160.219934020224,2,0.2622743218149849,0
CUST-0283,24,83.40057030996113,2012.336229137649,0,0.4360704802193126,0
CUST-0284,32,73.99853797158555,2404.6684488688124,0,0.1569026241461201,0
CUST-0285,47,97.98453951511436,4572.8067916143555,2,0.947565126324043,0
CUST-0286,23,30.69806388269584,710.2115925848383,3,0.7668488978177731,0
CUST-0287,66,96.1027902502028,6319.428986173846,1,0.26828720042777265,0
CUST-0288,27,74.12665786761103,1964.7303637362295,1,0.5908045335179158,0
CUST-0289,2,116.29920038589947,234.4015703452803,4,0.721449157109572,0
CUST-0290,17,54.187216603868606,938.55920107367,1,0.941278928906798,0
CUST-0291,33,83.26218931339481,2805.827685739778,2,0.8816353491754106,0
CUST-0292,9,113.20281055100175,1032.0830713239602,0,0.5151922261382137,0
CUST-0293,43,30.250972799067924,1332.8883571079984,4,0.7746526197930176,1
CUST-0294,48,113.72284872364511,5491.360897397442,3,0.562144753827585,0
CUST-0295,39,88.78857223008133,3597.1310352580194,2,0.5527038900455401,0
CUST-0296,42,26.78370591051719,1034.414028078093,2,0.1147419583381919,0
CUST-0297,26,50.096356694681624,1268.1085807198633,3,0.12613765801615207,1
CUST-0298,50,90.81720886452815,4614.563245850812,3,0.5295336150224574,0
CUST-0299,25,26.73506014687717,650.7758499292556,1,0.2688615449790066,0
CUST-0300,24,78.21704601762733,1921.4992613031418,3,0.02103690246046863,1
CUST-0301,13,54.588305695295674,721.1484502269857,3,0.7228392039002123,0
CUST-0302,60,82.0915517767477,5030.753226665262,0,0.03248659669016496,0
CUST-0303,7,24.574203381251287,116.3667023155734,4,0.5952768411040545,0
CUST-0304,57,107.15368061523763,6168.849822694486,4,0.5391937941273144,0
CUST-0305,36,117.3488969177397,4312.039354302254,2,0.9688146905778044,0
CUST-0306,45,116.88778552856915,5209.229404927212,2,0.48421313934764165,0
CUST-0307,20,94.96518317429248,1938.4471756649168,2,0.06360143637779736,0
CUST-0308,65,33.0086240130632,2097.285661557655,0,0.5516879678064617,0
CUST-0309,8,95.82631959290225,768.1186353699743,2,0.8410961706161014,0
CUST-0310,16,22.45869164588015,346.50966982497374,2,0.9968492842814399,0
CUST-0311,14,22.212355152899725,190.8352753956118,3,0.4303431736890725,0
CUST-0312,15,52.36102191495412,806.6270417099067,0,0.3202987424967425,0
CUST-0313,66,68.86431904046657,4552.212015051105,1,0.9066532969519989,0
CUST-0314,32,97.04074178077931,3179.257685655226,3,0.19124212907612137,0
CUST-0315,63,88.32953766065052,5595.31805535346,3,0.6154289150329266,0
CUST-0316,51,64.59027063767483,3408.6479987253547,4,0.4057144241809477,0
CUST-0317,25,47.362666628166586,1189.4187848081003,0,0.041082364955555284,0
CUST-0318,58,119.71245001577111,6938.045598314609,3,0.34728847430569776,0
CUST-0319,63,62.6181302235973,3935.724371550775,1,0.2652285225026746,0
CUST-0320,62,65.13870243296755,4016.620115292399,2,0.6860911539434869,0
CUST-0321,22,36.36238211916692,689.5848608025437,5,0.9487904976919181,0
CUST-0322,58,99.48095487499293,5758.885651399192,0,0.26804718737863775,0
CUST-0323,58,89.36822257814886,5079.964173210834,1,0.8114659391516817,0
CUST-0324,49,42.07696127887604,2084.3727698942143,3,0.05535981693840952,0
CUST-0325,52,28.23810456158427,1406.3784225788527,3,0.5381210100398132,0
CUST-0326,42,88.0499302074713,3653.3804375593736,1,0.07055006370989458,0
CUST-0327,70,85.45112142811352,5948.107990226319,0,0.9340329911306393,0
CUST-0328,15,47.32595269982093,699.6425386066517,3,0.7663512805573902,0
CUST-0329,54,115.08635622504103,6215.006648899167,3,0.6579499112045923,0
CUST-0330,60,35.10578917809002,2160.5713298390547,0,0.8238963816246643,0
CUST-0331,8,63.23348010426019,476.9913361587038,2,0.6475197955701631,0
CUST-0332,53,114.36159201675989,6085.171683699393,0,0.9689443971742911,0
CUST-0333,60,61.97273169261223,3854.9072632179123,4,0.7139579478647715,0
CUST-0334,5,83.85259476640856,438.1305089702043,0,0.9246586095822468,0
CUST-0335,68,59.75943979627943,4054.6174167004197,2,0.517131892010638,0
CUST-0336,6,47.421520234867,245.5715388127872,1,0.11706441298186265,1
CUST-0337,47,118.39776479598282,5554.978368140176,0,0.5281777214230171,0
CUST-0338,55,60.9334006315043,3307.0260175522662,1,0.1268728280630933,0
CUST-0339,40,109.40992036791344,4389.829886050727,2,0.592493479176405,0
CUST-0340,52,42.99546058910862,2240.9411575656177,5,0.48249306052766294,1
CUST-0341,16,41.31047040250833,552.8565653942436,1,0.6225753978327817,0
CUST-0342,13,23.113408288451136,299.5464074615614,3,0.010046981054831594,0
CUST-0343,30,85.1666825375885,2608.8077917596556,1,0.1948404916553641,0
CUST-0344,19,56.852634372376116,1060.2444604650086,5,0.4913304319121309,0
CUST-0345,17,106.4358249839637,1776.7641861068048,2,0.9505035615891348,0
CUST-0346,63,67.32099066915572,4172.337373500968,0,0.3836090403551584,0
CUST-0347,19,116.81934279147217,2126.6679109567513,1,0.42437202605363467,0
CUST-0348,58,38.55255157031212,2277.6154544312653,2,0.7146960890066222,0
CUST-0349,55,106.86231679556109,5868.353507276899,0,0.603792757286118,0
CUST-0350,62,97.65968527917417,6093.50156540897,1,0.29892615009833323,0
CUST-0351,23,97.0921844644052,2309.6864299102926,3,0.4108163955674278,0
CUST-0352,9,104.47832281168877,986.3672895507161,0,0.21769979885723245,0
CUST-0353,12,96.10239909429988,1126.1101730596588,0,0.9660214591302085,0
CUST-0354,1,82.62203216314154,89.8654153960193,2,0.13063438155735974,1
CUST-0355,58,33.12448776823876,1890.481647300002,2,0.37183678456641944,0
CUST-0356,1,23.25261794912519,-12.161805180957966,2,0.02583897222001119,0
CUST-0357,34,112.08478478156869,3828.0234406934665,4,0.2217794919335464,1
CUST-0358,48,81.6650314520738,3878.306815543634,3,0.7804711383801549,0
CUST-0359,1,99.65372909761763,-10.803851856817431,1,0.20117523228887946,0
CUST-0360,16,68.15223515125501,1046.0283676337115,3,0.0800634025289656,0
CUST-0361,61,31.730818896239448,1920.2358952362379,1,0.4744531798445233,0
CUST-0362,64,32.51857922025504,2157.258994987919,3,0.009969234734518495,1
CUST-0363,63,88.55652872289714,5554.514437048952,3,0.08476615442633317,0
CUST-0364,69,63.030589489946266,4374.7068793577555,2,0.8076258695629751,0
CUST-0365,22,40.05247267003367,872.7389870426373,3,0.7714733448596064,0
CUST-0366,67,69.15945467414369,4695.003720361146,2,0.915138820404896,0
CUST-0367,26,26.420893707513407,744.7980556685465,3,0.8545154359107495,0
CUST-0368,16,78.19714019143987,1309.9629983250338,1,0.6831755632398181,0
CUST-0369,51,46.89934044350977,2305.1671861481304,3,0.05233285730066284,0
CUST-0370,57,99.75591006371882,5696.423075994222,2,0.7828486179866575,0
CUST-0371,29,51.03619589235738,1517.9966108844612,4,0.8455108108405605,1
CUST-0372,69,65.52201490818013,4540.095956793895,3,0.7990821457719545,0
CUST-0373,47,21.162053990810065,1026.4463538591647,1,0.5084790353080261,0
CUST-0374,62,27.24468877945589,1692.0882545405389,1,0.23290183864948166,0
CUST-0375,69,59.24935564066848,4050.966328869799,2,0.8453299756887267,0
CUST-0376,16,67.99388347171235,1003.047266298085,4,0.7271628097401385,0
CUST-0377,48,80.00205481193038,3807.8201595402343,2,0.9807611743888516,0
CUST-0378,39,49.16625787093032,2051.389550648202,3,0.15569259775593292,1
CUST-0379,33,89.49818861265426,2929.157665413057,1,0.22566458305205506,0
CUST-0380,23,106.01223971892045,2340.312002230633,2,0.2117981498815027,0
CUST-0381,10,97.98509888933498,1016.4834569298039,4,0.7925397676213367,0
CUST-0382,69,23.961882534835716,1696.1428953377965,4,0.18690729645011817,0
CUST-0383,34,68.0506947257829,2378.089840184226,1,0.0666598298233061,0
CUST-0384,52,30.493017841817487,1609.1858529598483,3,0.9985608065856286,0
CUST-0385,10,44.204501586252746,484.32509158587504,0,0.024817211445149145,0
CUST-0386,19,118.66625932671465,2346.669783949678,2,0.8352440601588657,0
CUST-0387,58,34.24955429015132,1949.200474225671,5,0.3653668415506528,0
CUST-0388,1,69.88881534513561,22.696280073949737,1,0.8416154597578153,0
CUST-0389,69,81.81557343181191,5590.545239817376,2,0.554620491211145,0
CUST-0390,4,90.2464970544104,347.69750889294244,2,0.9016312294863601,0
CUST-0391,16,75.96486834869141,1287.109014570321,0,0.9261929864146267,0
CUST-0392,24,20.977084741918365,529.8534521933525,3,0.009098181280775997,0
CUST-0393,2,52.64613082439919,129.7268592842593,1,0.07541217599278827,0
CUST-0394,32,71.77116433847115,2205.711862397841,4,0.2503587295708555,0
CUST-0395,24,28.786649914483334,656.220256585779,5,0.6693154163635017,0
CUST-0396,12,55.06269312091808,568.969435807915,3,0.888272196511506,0
CUST-0397,50,23.320310879136656,1224.5778334229099,2,0.45994195129396276,0
CUST-0398,35,27.857849715502073,1054.3070646868591,0,0.6069731162742654,0
CUST-0399,33,59.69232762015961,2008.8251478272862,3,0.18849985279556114,1
CUST-0400,33,33.271575404306034,1048.622686055122,1,0.8049668338816853,0
CUST-0401,61,76.75408482615582,4756.1002990762945,1,0.9673281113534697,0
CUST-0402,51,88.94649691372658,4523.608597098795,1,0.26859893291459747,0
CUST-0403,43,100.05866991090829,4241.799842131424,1,0.4948259516005463,0
CUST-0404,12,40.01502442448101,431.96008036318756,2,0.0861161105063738,1
CUST-0405,67,36.74825822590698,2440.625469356176,2,0.5591366564629684,0
CUST-0406,65,30.456784033440023,1982.1698881978368,1,0.5027834418466806,0
CUST-0407,33,83.64302495436367,2752.1526129114113,0,0.1444364841550776,0
CUST-0408,40,90.64757264869012,3555.2694850390535,5,0.44206621311807504,0
CUST-0409,43,23.158614482564204,1056.4862432095429,0,0.33410465208656326,0
CUST-0410,44,113.62122462436898,4991.803587500393,0,0.5218308753051893,0
CUST-0411,29,25.197128365147243,695.0290297757375,1,0.5856543354287992,0
CUST-0412,13,74.12963353010704,1019.2003539905298,1,0.008495578607209509,0
CUST-0413,12,90.90605194509165,1031.7023139277733,3,0.7610059829495553,0
CUST-0414,46,107.09691237460856,4845.013460053268,1,0.7130142918617408,0
CUST-0415,2,91.40869321324278,246.44175875642253,0,0.3662863862065222,0
CUST-0416,35,100.17280830697918,3600.617683221788,1,0.05293593556881826,0
CUST-0417,8,53.94501925428061,408.455353101675,4,0.7549325397850504,0
CUST-0418,26,101.48251137465122,2636.2467953450746,2,0.9551751604781324,0
CUST-0419,34,28.011484638467515,895.0572419818503,0,0.2401515960220142,0
CUST-0420,7,109.48166560605276,766.646286754539,3,0.3235246137370379,0
CUST-0421,68,74.75923761537362,5059.8428946588465,1,0.18381288948181496,0
CUST-0422,58,101.72977699624937,5895.2206437807135,1,0.5769361233448397,0
CUST-0423,29,65.23182845183001,1912.1859444829324,0,0.15484139464745494,0
CUST-0424,36,84.35776951965249,2981.9724288059474,3,0.35619394346137945,0
CUST-0425,21,72.64026609361133,1507.3550210042097,1,0.697013013934263,0
CUST-0426,36,93.15895217553319,3263.533207230286,0,0.5601159830093484,0
CUST-0427,10,28.162998203058958,263.8806178249252,2,0.38646256432793524,0
CUST-0428,24,26.03520839905638,620.1732980315031,3,0.4202496018075419,1
CUST-0429,64,44.71032340101465,2872.9098189179913,1,0.5621108826232295,0
CUST-0430,49,35.95446801131884,1773.7477595727835,5,0.005864727887161303,0
CUST-0431,36,107.17835665922017,3903.616977268769,3,0.07850986845360985,1
CUST-0432,24,41.92139873580443,929.1302436956404,3,0.8812580677630116,0
CUST-0433,23,117.58652558191314,2630.1762368864875,4,0.07787898909129076,1
CUST-0434,62,53.68957917711069,3355.2018058004883,1,0.7068035962105051,0
CUST-0435,37,38.21179156886993,1311.8882241979165,2,0.9200381641090526,0
CUST-0436,12,98.96985071424791,1196.8032191762245,2,0.2706836043017311,0
CUST-0437,55,85.87077755008761,4663.878118275324,2,0.37049143705951426,0
CUST-0438,13,69.8195716453139,986.2951634349398,2,0.5689214058447163,0
CUST-0439,23,75.53635509376312,1749.8587875429405,3,0.8817089696385847,0
CUST-0440,30,91.92017782722638,2746.6475338311384,3,0.9419055872604202,0
CUST-0441,17,42.84547413312987,789.7591041201667,2,0.7395632481112681,1
CUST-0442,62,119.63339160567419,7364.100179223252,3,0.08661976085469403,1
CUST-0443,13,117.4793162146783,1483.5606290864278,1,0.6691541555348508,0
CUST-0444,59,85.03256863469369,4953.848807764172,3,0.41030372187266206,0
CUST-0445,19,39.95424509291451,715.8786954479261,5,0.4707009994910616,0
CUST-0446,49,88.02282424312914,4316.174168381697,0,0.04914839034517704,0
CUST-0447,12,27.219840897917585,351.33568437469705,1,0.19106213934635818,0
CUST-0448,61,23.065250220580605,1455.051347723794,2,0.7905136075336477,0
CUST-0449,19,45.76828885112137,778.3612858262691,0,0.4539588330478598,0
CUST-0450,9,66.26229567393163,587.7675117422201,2,0.30166224163114885,0
CUST-0451,71,106.82725054083805,7529.326561839962,0,0.38401907396495816,0
CUST-0452,28,92.7169069766308,2585.8090407712575,2,0.8543995133256802,0
CUST-0453,52,94.2706521199981,5018.782089246253,1,0.7489990174049569,0
CUST-0454,16,62.54933344480754,1015.3824232169213,3,0.2723153971810828,0
CUST-0455,69,54.59349925469629,3811.9246971314565,2,0.11750184021237331,0
CUST-0456,12,57.10387629846027,783.2810791895756,5,0.2519982216440717,1
CUST-0457,25,118.76495637360578,3025.4918214988825,3,0.9207564510547337,0
CUST-0458,52,24.010919141248248,1226.1720713605598,1,0.5815888378497553,0
CUST-0459,53,106.70314961224486,5591.475325120481,1,0.5334802087447829,0
CUST-0460,23,77.86754085723933,1789.446226240462,3,0.5963935996924615,0
CUST-0461,16,63.86154191895905,993.3993814924105,0,0.36602826574651526,0
CUST-0462,57,92.52576604151365,5197.742600035319,0,0.8071070203195128,0
CUST-0463,39,68.66689414247028,2690.0551214208144,1,0.5232862493002498,0
CUST-0464,53,107.34232380816606,5702.437476735768,1,0.11674790276879554,0
CUST-0465,42,110.07018640112585,4711.40366386045,2,0.12906512482906296,1
CUST-0466,58,62.17209268734554,3587.8932224242003,4,0.5368591465026183,0
CUST-0467,39,47.682779723505156,1873.6344786651737,2,0.9365702180708392,0
CUST-0468,14,79.23503285933623,1076.0161892961964,6,0.30835212167619874,1
CUST-0469,5,111.2363345616691,599.8401443430188,1,0.8695411688592183,0
CUST-0470,35,41.06621890056665,1431.0867717103265,2,0.7640955865788793,0
CUST-0471,18,82.29665835634827,1422.7102699716318,1,0.24781244290690685,0
CUST-0472,9,83.15602200925206,747.7306070000107,3,0.036340748316242455,1
CUST-0473,58,93.3113022415281,5431.58167488688,3,0.10184726514238274,1
CUST-0474,17,33.15676851272598,576.4287340870198,2,0.7284939338474402,0
CUST-0475,7,91.58249646820886,693.3723110522554,4,0.1996697380406467,1
CUST-0476,46,110.9032520665641,5029.146776459914,2,0.3712709205053938,0
CUST-0477,13,37.968310887024195,451.4509120305675,3,0.5016991660064248,0
CUST-0478,40,43.75433249238776,1782.1626662852873,2,0.7254681684501628,0
CUST-0479,42,117.13950940416396,4883.595946076833,2,0.11323122325912538,0
CUST-0480,9,38.097695270948975,354.9028199050511,1,0.4063664052774615,0
CUST-0481,50,105.4385093369579,5150.938204477307,3,0.4850729091426954,0
CUST-0482,27,69.22778564480348,2004.9475410253378,3,0.5408270639715397,0
CUST-0483,66,44.723107440317705,2938.239164483102,2,0.8183606413952167,0
CUST-0484,5,107.07499012725114,595.0727636356696,0,0.1716781950432169,0
CUST-0485,29,64.53052550026655,1854.5403482285553,1,0.8078314518266223,0
CUST-0486,37,71.48173539296903,2665.5591359763985,1,0.6928784276966522,0
CUST-0487,38,55.92333693997657,2199.6827860363733,5,0.5558708141989593,0
CUST-0488,8,79.29508514349274,692.6509821083612,1,0.6995278704025719,0
CUST-0489,65,36.352387258502276,2352.682422818387,3,0.4120177389516564,0
CUST-0490,17,59.10815366517607,998.0758960383085,2,0.13839758596812457,0
CUST-0491,71,116.94123223352875,8353.005816589706,3,0.6657652402653673,0
CUST-0492,45,45.81334327011275,2178.262667369339,4,0.5246723066856223,0
CUST-0493,4,85.67366645412922,352.30879953646894,3,0.6393748005427755,0
CUST-0494,36,52.51900642246949,1988.5374132359836,3,0.33799878102849,1
CUST-0495,70,97.34731256866006,6802.241159285194,2,0.9068665773398359,0
CUST-0496,31,33.08736607183498,1073.3063664023744,3,0.5873698685755769,0
CUST-0497,19,116.98210450785447,2277.7177737615993,2,0.08540248429087383,1
CUST-0498,61,65.37895413836392,3967.6181772475607,2,0.44980399070442867,1
CUST-0499,54,43.605046334646396,2317.318598105823,5,0.7563560547436343,0
CUST-0500,39,27.349674733001265,1123.906774014417,4,0.7941345617322724,0
CUST-0501,19,36.97579050875407,675.9621728041747,1,0.49459705276375876,0
CUST-0502,39,71.97739485560177,2762.4009037346987,2,0.8947475708313011,0
CUST-0503,67,53.70031764312863,3563.7233069996632,3,0.26766843719429756,0
CUST-0504,45,102.88833658826094,4603.194479550471,2,0.4105986972382666,0
CUST-0505,13,63.08875236618059,862.9846359916315,2,0.8985969105689701,0
CUST-0506,58,44.87142725876299,2628.294914672063,0,0.8962567164715789,0
CUST-0507,20,81.714498660403,1670.0728854459546,3,0.6857127688246809,0
CUST-0508,61,90.67772168854458,5552.410013556124,2,0.8589805471222202,0
CUST-0509,39,36.704190790094984,1401.7714327013725,3,0.08877326695623267,1
CUST-0510,1,36.761921628831765,71.61706442424538,2,0.8649949762077763,0
CUST-0511,3,23.667142693354297,130.1241194103281,3,0.32061990655022676,1
CUST-0512,62,93.64020150656405,5834.917654212936,2,0.17833151242821632,0
CUST-0513,63,86.38045276218051,5464.451319348665,2,0.23936983634204634,0
CUST-0514,25,67.46308757498139,1648.2244640460008,2,0.4179685080138871,0
CUST-0515,56,104.41704489691972,5857.945368176228,3,0.2511920046044672,0
CUST-0516,33,100.56701529500532,3277.6994382627404,2,0.32056758601649904,0
CUST-0517,38,78.53543643967521,2983.1451918036273,1,0.1349784860716421,0
CUST-0518,6,106.82712805132586,558.9494363466893,1,0.2961767655589985,0
CUST-0519,58,40.58412100367683,2272.2510980636516,3,0.5722838145420012,1
CUST-0520,44,31.19196193977279,1362.8939408526512,0,0.44185370809106395,0
CUST-0521,45,46.97496115169896,2086.4512682351037,0,0.34671876123591117,0
CUST-0522,32,25.708685608931486,828.0172991595163,3,0.746452128857114,0
CUST-0523,45,73.1169528001032,3283.5244470488883,2,0.8935099713933179,0
CUST-0524,61,113.66056922949615,6934.804262359773,2,0.756789222902397,0
CUST-0525,47,23.934354066850965,1155.3450132598325,0,0.3320007021176792,0
CUST-0526,21,32.21099140100268,653.2673716380147,2,0.7444421678375537,0
CUST-0527,36,65.21990282834352,2336.9443112381236,1,0.1519801824740512,0
CUST-0528,19,113.38750175279048,2227.113594441177,2,0.13031798809129091,1
CUST-0529,20,51.61561049767505,1032.4664162947524,3,0.34562703703615894,0
CUST-0530,57,70.72348086883925,4022.2778857925678,1,0.807702369044057,0
CUST-0531,18,24.15728590503921,438.9567812568652,5,0.24634824724230187,0
CUST-0532,47,34.834320096208884,1629.1448258713413,1,0.06325340889867959,0
CUST-0533,49,118.66301229588468,5779.008987850689,2,0.1317095352063551,0
CUST-0534,14,116.51186964360456,1581.2646831514778,2,0.8587449685295802,0
CUST-0535,15,20.49399809344096,269.2384043941142,1,0.6337832847472876,0
CUST-0536,31,115.18117854232389,3614.26249415058,3,0.25320116336997667,0
CUST-0537,1,83.91199378155004,52.41673104562942,1,0.5552958253281813,1
CUST-0538,54,106.79182945200222,5759.012560316306,1,0.5275796224253504,0
CUST-0539,3,65.47398556338591,231.45877094680262,1,0.6554359784406613,0
CUST-0540,16,71.55960285792503,1131.0340871862516,1,0.23318755442161632,0
CUST-0541,57,68.88465802569202,3958.0935732066278,4,0.8644029871943977,0
CUST-0542,12,86.68642575461044,963.1974569337818,0,0.30936856208001284,0
CUST-0543,16,33.96512547563129,536.8161736330059,1,0.6941316539762369,0
CUST-0544,24,22.997358987267795,555.8814205243524,1,0.01612464637221489,0
CUST-0545,28,50.79299415911909,1423.360772610243,1,0.37265712989414723,0
CUST-0546,8,90.46807627366466,641.0986752973731,1,0.3517098179588083,0
CUST-0547,36,40.185345212294834,1506.8280599641541,1,0.5434844285830145,0
CUST-0548,8,87.34324333249174,656.0122994113631,0,0.0727362617771965,0
CUST-0549,58,116.99120461072704,6802.241723685292,3,0.7901313737261083,0
CUST-0550,60,29.39007157894184,1763.8025088688769,0,0.21778080176756853,0
CUST-0551,50,87.26021182251263,4413.196067316166,3,0.6770378148820102,0
CUST-0552,28,64.37502193045711,1911.8750555215092,1,0.8032121232440932,0
CUST-0553,41,106.81422543775054,4314.865018720629,6,0.5618769562415131,0
CUST-0554,64,37.71497894473859,2381.3129583996447,1,0.7408832067219855,0
CUST-0555,27,89.26259522261645,2419.544695702597,2,0.6618603122150055,0
CUST-0556,63,103.81152896481102,6484.858658905454,1,0.3555297971520076,0
CUST-0557,17,114.46142194740233,1984.9533035036277,1,0.8088585390335653,0
CUST-0558,33,88.32480282896458,2956.887124463684,4,0.294701369885528,1
CUST-0559,29,69.71747640084273,2049.779269424191,1,0.5712129177515172,0
CUST-0560,13,81.78472402012139,1075.030499805388,2,0.7453977391415395,0
CUST-0561,46,106.89049844787182,4985.448367500592,3,0.3789559098125076,0
CUST-0562,35,77.06097466388297,2639.352839152461,0,0.30276760761742505,0
CUST-0563,6,23.038705969683686,141.4956455852298,1,0.4593460101728227,1
CUST-0564,69,113.09486955069778,7766.6058555616355,1,0.8179634943491536,0
CUST-0565,47,88.95267510315611,4225.271546476596,1,0.9299217631456648,0
CUST-0566,25,87.65133857772466,2099.6164062177945,3,0.5450834128598901,0
CUST-0567,66,41.567515239771716,2742.051812545284,1,0.6614662053236519,0
CUST-0568,10,85.88854702326572,875.6474045861545,2,0.9032736222389142,0
CUST-0569,56,59.386440565415846,3278.2660649145987,3,0.0985468514129424,1
CUST-0570,30,85.12329770414921,2522.3894295133978,1,0.23207857786616504,0
CUST-0571,5,30.659303030799073,154.06546422260064,2,0.7089000062515824,0
CUST-0572,33,85.7845304603036,2878.6443241620927,3,0.8237444619122997,0
CUST-0573,65,119.94137257706666,7744.54575607998,1,0.8570290283305779,0
CUST-0574,18,24.821203886055603,403.85917293026654,2,0.4151071768549326,0
CUST-0575,49,117.71741842213173,5824.432891236472,3,0.08933990229186684,1
CUST-0576,11,60.690796072287064,653.9499867991659,2,0.4377814772996199,0
CUST-0577,26,107.07534503372591,2745.0820188846246,0,0.23073459020705378,0
CUST-0578,63,98.23854840582734,6225.462789427968,3,0.29119645499662417,0
CUST-0579,59,76.70162609866678,4500.986089959728,2,0.7722675568375058,0
CUST-0580,27,93.84492092513266,2585.1839417455203,2,0.07552708602588687,0
CUST-0581,49,107.8515561301348,5251.54023152762,0,0.8275812174807021,1
CUST-0582,33,60.4140321651033,1985.683333357159,1,0.42766908582416907,0
CUST-0583,1,52.70331615632387,99.95189942576046,0,0.5960639311005951,0
CUST-0584,21,86.75933855635847,1810.6330661248405,1,0.089652231235679,1
CUST-0585,55,100.78459419412586,5580.955346780855,1,0.33735907835727963,0
CUST-0586,6,96.22851347766158,574.0937005269192,2,0.08970091901484578,0
CUST-0587,69,99.78136488586345,6983.99876744458,3,0.9615437228811096,0
CUST-0588,5,63.5583314812933,396.23058761160894,3,0.8072616493262504,0
CUST-0589,3,101.78342161750216,238.9454517308191,2,0.4596327543564602,0
CUST-0590,53,32.02090553706084,1723.220177526625,2,0.2236025483236711,0
CUST-0591,23,74.44890979608496,1671.504726004902,4,0.9334551052498522,1
CUST-0592,53,20.575866049812156,1100.0962475796807,1,0.34459659572697177,0
CUST-0593,37,52.45858299002703,1944.3861020965132,3,0.16098443168737475,1
CUST-0594,17,56.646153487139784,910.215258426752,3,0.5631643884539549,0
CUST-0595,1,59.61726916092554,112.54149633744177,4,0.9437741203448161,0
CUST-0596,51,89.54672066898621,4577.04790129675,2,0.003830290500322575,1
CUST-0597,45,58.85581012703457,2634.2773039329263,4,0.23812484325399874,0
CUST-0598,4,64.86936226225306,237.5719578368325,3,0.9384476404104076,0
CUST-0599,62,43.754413087432745,2719.762459909142,2,0.17108596685716204,0
CUST-0600,65,57.325179162934006,3746.532896466425,3,0.11324345163981986,1
CUST-0601,32,42.72696272631515,1361.0140179241714,2,0.5701872157998045,0
CUST-0602,34,27.319592376844362,787.2401622738979,2,0.8618438232948299,0
CUST-0603,39,80.34485933813778,3134.294049999498,4,0.47710981769392613,0
CUST-0604,26,86.82127985550163,2185.2791731625534,4,0.9945642566845248,0
CUST-0605,34,81.94903460096145,2775.794548150236,1,0.6791716995379928,0
CUST-0606,54,66.34940438005724,3512.6396236696087,1,0.07407490721044774,0
CUST-0607,3,57.978578017922985,103.11085229979558,0,0.9928321316819754,0
CUST-0608,50,106.33336495718252,5378.424338956553,3,0.40789423678019043,0
CUST-0609,12,71.9081785136218,846.8935431162422,1,0.28740253384548253,0
CUST-0610,65,67.9181877629731,4394.849096602156,6,0.5578791835778856,0
CUST-0611,54,22.564206580643567,1242.593357796182,1,0.3043075918208643,0
CUST-0612,5,54.12478276261564,252.09438765945555,1,0.08645750712015232,0
CUST-0613,57,58.019561878585705,3412.3053316857554,3,0.0014283430791767193,1
CUST-0614,17,59.88227808969005,1004.3477394884299,3,0.4495833529202623,0
CUST-0615,47,78.01723692273322,3685.066405967612,0,0.8368634222265923,0
CUST-0616,23,73.36025467268784,1735.8329240406636,2,0.5723151856300766,0
CUST-0617,14,80.79050927934446,1211.179791191168,1,0.9992072989434408,0
CUST-0618,66,96.48832615421283,6331.129219395164,3,0.28684664564719997,0
CUST-0619,51,101.29857387160935,5145.3290922601445,1,0.28045506476005533,0
CUST-0620,38,91.81230762264944,3552.597283425355,3,0.1597494602339442,1
CUST-0621,64,115.55236959549347,7435.854769314217,5,0.16406358826533518,1
CUST-0622,38,21.823258267636163,883.0426109535971,0,0.2851865960100478,0
CUST-0623,50,39.57779856835461,1910.454701239747,1,0.7928400452735271,0
CUST-0624,30,20.756287497814213,700.0886126306273,2,0.9057567906364479,0
CUST-0625,51,84.7474714154603,4284.050665024235,1,0.9750871697076813,0
CUST-0626,63,109.8030548949987,6927.207107292013,5,0.23228965409645264,1
CUST-0627,52,44.34822965762993,2298.6967983171676,1,0.8812975456140917,0
CUST-0628,38,112.70345447963066,4238.807128398562,3,0.32825508927733704,0
CUST-0629,30,26.026739028956086,710.1753826976325,2,0.11284054451688441,0
CUST-0630,51,113.44360268055144,5698.431330876479,2,0.8700249255201656,0
CUST-0631,5,55.16226872396344,281.76226392251596,0,0.6361056346436186,0
CUST-0632,29,30.142082844921653,797.8544479910552,2,0.16473089608106173,0
CUST-0633,4,68.58717591863257,217.6579239201861,2,0.42983125751300255,0
CUST-0634,10,45.677656772050796,445.87477381059693,4,0.28725769487706765,1
CUST-0635,56,48.48729019619228,2583.3478259737726,0,0.736794568710197,0
CUST-0636,17,50.72899649262865,901.3419259768872,3,0.45341623062426806,0
CUST-0637,17,100.30258978326634,1584.6496179601872,3,0.989279945106385,0
CUST-0638,69,73.91612766752544,5096.344189492617,3,0.05474498225959512,0
CUST-0639,34,51.13076991560037,1739.197138460127,2,0.3550152661362467,0
CUST-0640,6,81.03337833109184,513.1033559956414,0,0.4819001671099774,1
CUST-0641,53,91.61506742231936,4853.514533263431,2,0.5031335547483198,0
CUST-0642,66,47.262400073353376,3220.2138030329847,2,0.3159358223856368,1
CUST-0643,43,61.354910152535155,2649.0769806374365,1,0.729240249097568,0
CUST-0644,23,32.18860933369476,793.0186346371623,0,0.8747470734889747,0
CUST-0645,55,38.11493495346803,2060.148281997227,0,0.938719301977863,0
CUST-0646,16,88.11178539649828,1415.826406653446,1,0.8050933767995262,0
CUST-0647,8,38.143834769562694,382.52918290794787,0,0.8505801973065994,0
CUST-0648,4,72.51633836670601,278.180597232342,2,0.5505453006199955,0
CUST-0649,4,90.90462617224327,373.2302428987346,1,0.8258882264268146,0
CUST-0650,56,30.687692309474386,1767.5534417874394,3,0.3035039091479522,0
CUST-0651,25,76.73122196289034,1881.1690730626767,1,0.3984787621092144,0
CUST-0652,67,45.65627837013638,2950.8926341331776,1,0.3169130138185443,0
CUST-0653,67,116.29268752375798,7804.388746777403,6,0.46738733544792543,0
CUST-0654,27,68.35456467199248,1895.0067046116972,3,0.28557961623863637,1
CUST-0655,32,100.59925497751581,3151.6038710359076,1,0.9616114422544468,0
CUST-0656,50,75.02265421562618,3784.6437056451755,1,0.31284462800566815,0
CUST-0657,61,24.341253285481915,1518.6647697813737,4,0.09804453811093983,0
CUST-0658,51,83.31513755940223,4135.3972025737485,3,0.5268171660504134,0
CUST-0659,19,115.14033422066571,2140.8519185723094,0,0.057099078445176366,1
CUST-0660,21,80.16118201463311,1663.5933832707121,0,0.11054316630858052,1
CUST-0661,5,101.91888594267903,500.61322970163326,3,0.2193893891962463,0
CUST-0662,42,108.42064633484078,4516.510432824914,3,0.4643502498821417,0
CUST-0663,61,42.80797719489325,2571.436468709379,4,0.4332509323090279,0
CUST-0664,22,41.204483990822666,990.0727923572033,2,0.7996918620027912,0
CUST-0665,21,81.09809888509918,1697.6821199941373,1,0.7394746538841134,0
CUST-0666,70,61.10284698067047,4242.447105639447,4,0.4263182939907013,0
CUST-0667,1,103.98613028667204,101.92765644104453,2,0.3337042075756299,1
CUST-0668,5,110.00231233980112,576.8661033520627,1,0.3164687840614986,1
CUST-0669,12,55.34213793027181,666.6869739988222,2,0.773995087294009,0
CUST-0670,46,43.687055897448204,1999.3181917412187,2,0.05207240622126974,1
CUST-0671,34,98.05255152438619,3301.285918395608,2,0.012821649510605826,1
CUST-0672,49,47.48060355481361,2293.443031912487,1,0.795544391926648,0
CUST-0673,45,102.26143185136785,4571.874013987285,0,0.4771463759890493,0
CUST-0674,27,62.37382536487628,1701.0340148921964,3,0.13088113855357597,0
CUST-0675,26,86.75498992914704,2205.920733537734,4,0.23556593459450126,1
CUST-0676,47,29.55353138346682,1408.6794361964514,6,0.9325039530973825,0
CUST-0677,56,82.3859324676573,4684.26195597015,4,0.859502975624898,0
CUST-0678,63,65.17676787372291,4122.421743935203,2,0.7097850502239725,0
CUST-0679,48,78.66084631754741,3757.241346796419,1,0.48222523033732656,0
CUST-0680,61,36.801420774486346,2179.9803229909357,4,0.5203236261913857,0
CUST-0681,26,93.68737449441821,2514.777077250449,2,0.9752445352839586,0
CUST-0682,36,106.27970775432286,3767.5685966256774,3,0.9657704438842871,0
CUST-0683,1,41.67398000907757,84.10208173286496,2,0.21526904578583428,0
CUST-0684,8,29.57145555201617,268.49753744585365,3,0.8111045663053181,0
CUST-0685,52,22.36385860463364,1151.0822172927462,0,0.1972426661670168,0
CUST-0686,47,84.1971500443266,3944.1171118943166,2,0.2135374778839514,0
CUST-0687,56,80.70940360887808,4427.941038395121,2,0.6760930341645768,0
CUST-0688,14,74.669741271407,1061.879627840329,2,0.4050010985875484,1
CUST-0689,28,43.194709611597546,1240.4481857445214,3,0.9315444071065202,0
CUST-0690,2,59.09059959055147,63.727193373712716,2,0.08900973489600883,0
CUST-0691,26,79.4476335186173,2057.8473977675944,2,0.511525640809493,0
CUST-0692,14,69.67668588591694,977.3666981532847,3,0.9185215304431212,0
CUST-0693,59,118.77855202148874,7037.1632006653135,5,0.9041136604795051,0
CUST-0694,56,33.64397525567331,1884.2527681238648,3,0.15652921341574122,0
CUST-0695,7,89.51445540475937,545.2852201352364,0,0.36663770009645646,0
CUST-0696,3,60.431876810429216,154.79874195816316,2,0.6191214000466962,0
CUST-0697,23,62.819961492561475,1456.090403598365,3,0.15939488477140218,0
CUST-0698,18,91.75977656581762,1693.7523952867052,2,0.9680221720457387,0
CUST-0699,38,89.24361513243696,3360.375544562892,3,0.9147493287276603,0
CUST-0700,15,119.12559937021884,1896.2664842807835,2,0.16695017903446918,0
CUST-0701,64,32.83942894541252,2006.9997990645531,0,0.12115546126098542,0
CUST-0702,28,30.410964938416633,823.3220095227706,2,0.0854084828082653,0
CUST-0703,39,92.43388171287411,3600.7697066274513,1,0.9094436640366311,0
CUST-0704,57,77.83869170064091,4426.767968758889,2,0.1936238097954608,0
CUST-0705,17,47.416066655980586,744.4660166609283,2,0.4162849285443547,0
CUST-0706,44,27.94193689889866,1251.8383109391307,4,0.448851365652003,0
CUST-0707,25,28.565824959643052,732.7003265567723,0,0.5990110442135675,0
CUST-0708,17,109.41908746641182,1862.5225592280783,2,0.07173534374742496,1
CUST-0709,13,39.18673247187429,526.0197152972916,0,0.22675861740051595,0
CUST-0710,25,52.33715621155208,1287.2400847164004,0,0.931490386918926,0
CUST-0711,68,42.6656402226988,2820.39538763809,1,0.9084101072685695,0
CUST-0712,10,55.49963058319373,519.1643123293251,2,0.7812906474056922,0
CUST-0713,67,26.94238427460934,1812.992475469298,0,0.019401245618215435,0
CUST-0714,18,71.90597909082703,1302.4448443772064,1,0.3270067684961021,0
CUST-0715,34,26.76125635922149,911.9516688428231,4,0.6279587353429078,0
CUST-0716,8,100.03565078223616,827.7206196571409,3,0.2751902117734757,1
CUST-0717,40,43.3712081910433,1705.7910253692312,4,0.9095866950537773,0
CUST-0718,42,74.00119146045105,3109.384094194471,2,0.6338894618324419,0
CUST-0719,41,108.00790875614582,4456.928897922225,2,0.0719067173164456,1
CUST-0720,6,85.08773690471942,506.2819305031989,2,0.909005588835703,0
CUST-0721,52,73.29577865513353,3749.214293646639,1,0.9577666581762225,0
CUST-0722,26,52.43337531153756,1315.1933396171996,1,0.07771241839172549,0
CUST-0723,64,53.300191305819794,3452.754859786435,1,0.5323602348613149,0
CUST-0724,59,86.94869551981901,5199.5966438164505,1,0.30336428221417044,0
CUST-0725,56,119.41393612211675,6745.944578229741,3,0.39283907648140237,0
CUST-0726,59,86.18391898493786,5096.459017598435,2,0.1796512179553419,0
CUST-0727,70,75.77834173700249,5244.3272914893405,2,0.5780721020124125,0
CUST-0728,33,93.06505102392461,3070.829105950869,2,0.9579793532488906,1
CUST-0729,53,66.52056122837182,3603.7025017012274,0,0.503072600271609,0
CUST-0730,22,26.01423426007852,603.2375727445512,1,0.08291458139448116,1
CUST-0731,21,76.22968158779098,1590.449437209417,4,0.6200013334774084,0
CUST-0732,70,115.76252845053801,8134.808253179722,2,0.34022299445125703,0
CUST-0733,70,37.530294235765965,2563.650836172837,4,0.8559251895912978,0
CUST-0734,4,89.00048908206658,321.21838743585624,4,0.4346781483164702,0
CUST-0735,62,40.093368865905646,2431.579300135034,2,0.1928396089422456,0
CUST-0736,62,73.58276844730813,4585.610234650526,1,0.19110562269114495,0
CUST-0737,24,29.66764496467196,747.7286541381317,3,0.7687641807211604,0
CUST-0738,55,65.03709362581851,3569.3488480601,3,0.2655875983073599,1
CUST-0739,9,95.61633288952461,816.9005121687433,1,0.767233394159223,0
CUST-0740,3,54.757152423898205,163.28400259496323,1,0.20588731076659939,0
CUST-0741,31,86.4911724487218,2656.897351376685,4,0.3216863687013094,0
CUST-0742,40,99.54499607897291,3941.9913079242297,1,0.4654869724396994,0
CUST-0743,36,112.71778194794527,4074.7898343914917,4,0.9431958496934507,0
CUST-0744,24,43.46420818554535,1005.2413853271548,0,0.9317314247538246,0
CUST-0745,6,59.931591580930814,281.27206283738025,3,0.2068718754222878,1
CUST-0746,66,35.24160133304174,2258.7399644625957,3,0.3582190412430728,0
CUST-0747,4,119.24835021583752,396.83037752255257,3,0.14939938845377232,1
CUST-0748,6,112.70009679242953,688.5761765833875,2,0.5099850793134971,0
CUST-0749,51,73.99571302805596,3781.3016363396623,1,0.4605825506946666,0
CUST-0750,62,104.20332943764213,6465.63242985922,0,0.9007601624507324,0
CUST-0751,57,72.09579772720423,4138.847053074638,2,0.9300053777910726,0
CUST-0752,66,82.35856880027598,5495.2634836240695,2,0.3835673910072921,0
CUST-0753,8,28.912443211601662,201.68621915155754,2,0.49173794301898943,0
CUST-0754,26,95.52704204968079,2504.0269671536216,3,0.8962362491461331,0
CUST-0755,51,32.77134836352349,1592.357991169404,3,0.8067078077450615,0
CUST-0756,45,102.60676302525283,4686.239823449545,1,0.0036563113446492768,0
CUST-0757,44,98.20280876703859,4258.68202383879,2,0.3200595641835825,0
CUST-0758,5,90.87446977429764,418.8682929194663,1,0.4217742419361259,0
CUST-0759,70,23.616038052476213,1623.2371879866803,2,0.22971628368323171,0
CUST-0760,26,50.31283559453286,1231.8201756217436,0,0.19957161589593875,0
CUST-0761,68,46.311256991084285,3150.7942542641595,1,0.03778450659567967,0
CUST-0762,19,56.01364074715191,1074.9543676059604,1,0.6433697250697605,0
CUST-0763,20,28.764274676383856,565.8148099785996,2,0.26251029048316565,1
CUST-0764,12,113.69578230310628,1287.3370060357215,1,0.05234717843131309,0
CUST-0765,47,75.38022407123762,3642.039843090754,1,0.23097931052806364,0
CUST-0766,1,50.55243106580235,78.01397089088475,2,0.8019139528361265,0
CUST-0767,14,59.698151707428345,967.4852260864948,4,0.8514891816465466,0
CUST-0768,64,64.72025405048356,4101.840797236633,0,0.48306624519330266,0
CUST-0769,38,80.05943333606173,3090.1525781791947,1,0.41607067040868617,0
CUST-0770,37,71.56794276964978,2686.97757684675,4,0.9778536935017818,0
CUST-0771,11,111.93919732144174,1216.802415380991,2,0.2005646595880699,0
CUST-0772,3,69.69634829058302,279.6415899247103,1,0.21535928285460848,1
CUST-0773,33,119.21580148233127,3913.850948536243,1,0.29186717703639975,1
CUST-0774,6,105.14249577450957,612.810403675827,3,0.1727573182810873,1
CUST-0775,50,40.85105143573358,1868.9810771897598,1,0.3793655982041866,0
CUST-0776,10,113.05952146439162,1151.046617331048,3,0.9108342269897538,0
CUST-0777,5,31.63663978854761,91.90770335861772,3,0.6153478406285743,0
CUST-0778,23,101.74497084911916,2312.598269744965,2,0.41194654861226365,0
CUST-0779,10,58.06232934765801,529.3123115393287,2,0.9344107945712148,0
CUST-0780,44,107.79743204450695,4724.775432992392,4,0.04846423247582232,0
CUST-0781,2,106.80566901074504,235.80534953236184,1,0.21027617790186137,1
CUST-0782,13,100.59254001176211,1308.2600983053453,1,0.565888605101759,0
CUST-0783,40,99.00304363070614,3995.603809753536,2,0.6155526231931792,0
CUST-0784,2,50.46791390980408,164.21730459888974,1,0.03955750656261314,0
CUST-0785,65,28.09192830512522,1807.5355429992476,3,0.4030387579071322,0
CUST-0786,63,60.29801787651615,3774.8467641197117,3,0.6491539648308727,0
CUST-0787,17,37.352451498650865,682.8780581601652,4,0.6980705464034016,0
CUST-0788,9,89.49510889024617,857.3083444492121,1,0.6381399025162693,0
CUST-0789,15,54.609972653778556,856.1791332118307,1,0.32056322436092455,0
CUST-0790,24,117.56102008599149,2773.8555417268285,1,0.09352012359790951,0
CUST-0791,38,84.0972077345332,3216.8266471873417,1,0.4271124464193341,0
CUST-0792,35,102.24805636343609,3584.155502922628,2,0.12875443736805547,0
CUST-0793,49,33.252467274184845,1681.9973435025406,0,0.9476236585206671,0
CUST-0794,69,106.20144822726226,7299.256323204209,1,0.47517086602262826,0
CUST-0795,62,112.27571905133944,6877.764066625549,2,0.31725917435686757,0
CUST-0796,60,68.70619188189359,4156.883352932629,4,0.7663040711189001,0
CUST-0797,50,80.62529377509775,3903.346269592032,0,0.49794859258226387,0
CUST-0798,9,96.48098009029954,831.7531506178793,0,0.31003402401245006,0
CUST-0799,34,37.48386272604125,1223.2915571194878,1,0.8119677423908017,0
CUST-0800,35,70.25660764634424,2407.4845340767606,1,0.867152151001122,0
CUST-0801,1,59.86630277723131,22.414729229476535,4,0.673008166288677,0
CUST-0802,40,34.63739921622491,1446.3646471365778,2,0.046964422407667294,1
CUST-0803,64,56.753442229153144,3673.2480736161197,2,0.5663228801665321,0
CUST-0804,22,26.817230938549358,577.3925465484606,2,0.7632949119972816,0
CUST-0805,60,22.5811906949487,1411.5526152898744,5,0.13650301208358218,0
CUST-0806,64,33.51662891548227,2091.949392832547,3,0.22867075138460335,0
CUST-0807,11,116.31151115891738,1219.5124534607332,4,0.8824951050681364,0
CUST-0808,14,74.9529535895017,1092.5211832153534,3,0.020121721853074037,1
CUST-0809,60,116.582216115322,7023.915128385453,0,0.752727137825976,0
CUST-0810,30,63.2497878330132,1874.4804649112298,3,0.4737732925144229,1
CUST-0811,35,51.181613308525954,1734.5834211135018,2,0.44677215883960686,0
CUST-0812,37,70.61418628402441,2685.7114862608005,3,0.0070965324948871755,1
CUST-0813,5,63.95116886329101,233.75071676906416,3,0.8193982309664928,0
CUST-0814,26,30.566468426174392,764.8068823133563,1,0.35982490063656647,0
CUST-0815,62,84.08263146902063,5224.551977455173,1,0.5407656313005429,0
CUST-0816,4,41.60381825095996,256.52351342541215,4,0.6773006863356594,0
CUST-0817,42,81.95879548978296,3461.4244211745454,0,0.7026295764379158,0
CUST-0818,18,85.02010923981534,1554.3771989673412,2,0.9559800588260723,0
CUST-0819,40,35.20248531286481,1379.630227507186,3,0.5313399532366091,0
CUST-0820,39,26.134962711066816,1047.6875569953359,1,0.3997195509744276,0
CUST-0821,14,98.07615860684398,1378.33168653977,0,0.9537036264917079,0
CUST-0822,32,65.98004237693202,2031.9381290409467,3,0.6421102350255211,0
CUST-0823,51,25.81637955054758,1356.2820997525819,2,0.2981503562765556,0
CUST-0824,38,119.48663171697672,4589.011674737458,1,0.12646424540357115,1
CUST-0825,23,25.778056099636665,633.0635427327014,2,0.8425545014651813,0
CUST-0826,63,89.50352288585532,5640.388338092175,1,0.36218160279415157,1
CUST-0827,15,118.36789252634136,1727.7095437376381,0,0.6604697213644312,0
CUST-0828,25,43.91801042159256,982.4910739755708,2,0.47081641936589813,0
CUST-0829,17,34.22493686871962,589.676607038306,0,0.19892977979503834,0
CUST-0830,66,32.13849394224289,2175.237703175073,3,0.6016866086204651,0
CUST-0831,53,50.327514756759555,2717.1349055624105,2,0.06068306895068232,0
CUST-0832,51,30.104581101064667,1576.1372783239906,4,0.4133424598711922,0
CUST-0833,39,89.2161341694132,3475.718683679645,1,0.546614939663671,0
CUST-0834,51,26.22917981300627,1392.0613791648946,0,0.43604697411857907,0
CUST-0835,70,70.94221281497897,5012.162988241324,0,0.7486721752509908,0
CUST-0836,6,119.66968538529768,696.8864342757082,4,0.8279249545453125,0
CUST-0837,67,101.39702695060188,6827.430706521119,0,0.771243074033178,0
CUST-0838,7,81.52194382310108,543.855649491243,5,0.03881294781180211,1
CUST-0839,51,50.62536207866117,2608.894677592566,0,0.1941287704459722,0
CUST-0840,42,82.38958362916384,3395.4066802098278,3,0.5366075092637743,0
CUST-0841,64,72.70414639116515,4591.954778600923,2,0.9348220404438012,0
CUST-0842,15,62.60833838903715,992.0354281827526,1,0.8349567750521169,0
CUST-0843,29,33.07103767401995,1005.9380986568168,1,0.8425345083518017,0
CUST-0844,33,108.66042152404667,3617.4744873223317,1,0.3032081937596749,0
CUST-0845,27,64.97846488213224,1758.816992870212,2,0.42944789707870257,0
CUST-0846,36,39.46225118207651,1301.0773210035468,3,0.4707059473159374,0
CUST-0847,29,56.77593508772896,1642.7583206338152,2,0.15737158334991042,0
CUST-0848,38,61.4129752528927,2356.402217969415,3,0.031068130244456316,0
CUST-0849,57,102.75378955668742,5830.229342353203,3,0.9469028994605169,0
CUST-0850,27,93.3614380561402,2485.1341178753737,1,0.24071258566350673,0
CUST-0851,55,96.93048936413398,5403.397934435053,2,0.2399489037236313,0
CUST-0852,33,21.10312644286472,693.3887230449552,2,0.08337905376875954,0
CUST-0853,68,61.615399817976154,4212.586946104498,2,0.9285077519437785,0
CUST-0854,66,68.13441516353237,4535.577973874104,4,0.579737114939772,0
CUST-0855,10,21.919227682305667,169.12042299780276,1,0.6670368571253539,0
CUST-0856,5,45.981320874503425,239.5669755082268,0,0.9115768872630525,0
CUST-0857,38,96.0289823122135,3715.083552587978,1,0.3456201689007895,0
CUST-0858,13,33.7109705728999,529.2037766126848,2,0.6215073111380841,0
CUST-0859,31,73.53101314525917,2281.4582273637684,0,0.03879945472888746,0
CUST-0860,47,41.52018720172375,1939.5516211136623,1,0.18677252823112933,0
CUST-0861,52,21.212077464389328,1116.4792315551217,0,0.8312458050899425,0
CUST-0862,56,44.12014575995415,2482.9100149088085,2,0.7667683563383357,0
CUST-0863,15,117.58737549100537,1833.1485356716382,2,0.3506426914571469,0
CUST-0864,29,100.15371118829896,2854.6380400023163,3,0.3768106277742125,0
CUST-0865,8,115.95766443210334,913.6676611485257,0,0.5335544335535795,0
CUST-0866,5,68.78540439263625,288.0699556193557,5,0.0002410046851345493,1
CUST-0867,29,30.97361986775035,847.6302318748812,5,0.24124433603802786,0
CUST-0868,47,74.7959488973693,3534.238298933313,1,0.20823180860821444,1
CUST-0869,68,65.4377334559961,4490.2587670895855,4,0.25048294674976346,0
CUST-0870,45,104.4357082739616,4667.137287641084,2,0.8059058425334413,0
CUST-0871,2,29.80825807842446,98.2212556056134,3,0.27967385654644317,0
CUST-0872,27,68.82411370217781,1913.8300028153992,2,0.19152132205014816,0
CUST-0873,36,35.00486646939842,1356.9104928200127,3,0.5042634607930315,0
CUST-0874,36,52.467592689006,1892.3206792462684,2,0.8656450363727319,0
CUST-0875,26,93.73570773877996,2405.1401748360727,2,0.24134970383749987,0
CUST-0876,43,67.60181293687666,2856.7543597054014,2,0.0785362427927987,0
CUST-0877,27,57.58882851457693,1499.8087099975826,2,0.3564047358496647,0
CUST-0878,69,59.44762785700353,4164.375357203425,0,0.7476518245649778,0
CUST-0879,20,65.94467684059866,1243.1387696641907,4,0.5506905446947946,0
CUST-0880,11,98.50165438370568,1144.4056225033225,4,0.8167933695743474,0
CUST-0881,38,109.20846889402344,4106.499766510283,1,0.959592147609234,0
CUST-0882,6,115.53346865039283,658.9405020093867,3,0.792662476751617,0
CUST-0883,23,98.6903386255295,2262.3000156366793,0,0.6038030788437534,0
CUST-0884,47,51.54068957480128,2387.2296825373346,2,0.4933415880523805,0
CUST-0885,46,88.81347060865421,4132.0186357460725,0,0.04006908634826667,0
CUST-0886,12,63.760312405539196,855.7909464656091,3,0.9843219788140413,0
CUST-0887,13,45.467062204605114,558.2002007822097,2,0.3834811225750425,0
CUST-0888,62,104.08715794259226,6431.791900482489,1,0.1522282139168668,0
CUST-0889,60,23.8426348962325,1422.3920534097551,0,0.6667088553964567,0
CUST-0890,43,110.17619921354235,4764.629404356952,0,0.28428828909545933,0
CUST-0891,68,66.1477464624734,4490.372545500399,4,0.5857782709310476,0
CUST-0892,5,83.72014768082803,487.96360895677,2,0.5867679078445912,1
CUST-0893,37,85.93539222057827,3236.9407079894922,2,0.44572982090286917,0
CUST-0894,31,109.51177407065364,3335.5918785105077,3,0.8361186155450426,0
CUST-0895,9,83.66696821672073,779.0511222292281,5,0.26496706155544303,1
CUST-0896,51,81.39335847600617,4227.0782441417905,3,0.44863259161773417,0
CUST-0897,29,26.665204056068994,748.5518703376566,0,0.5376921285909715,0
CUST-0898,40,71.8408021945204,2858.9188441911383,0,0.6636247207672996,0
CUST-0899,41,35.016900081704165,1409.291053457223,2,0.7839718505055895,0
CUST-0900,11,93.74337687214856,1005.8233648174588,2,0.39480728287825606,0
CUST-0901,23,71.22219208126745,1554.687840273599,2,0.646046944096596,1
CUST-0902,1,88.02277792083532,21.607030347582793,3,0.15061095306851913,0
CUST-0903,46,24.16729006023843,1115.5690287078291,0,0.9326481005424786,0
CUST-0904,21,28.47920160458032,673.7431324288257,0,0.38305880642100354,0
CUST-0905,36,91.63233880626822,3268.0961563997416,3,0.7295214219764384,0
CUST-0906,54,27.208433599867337,1437.1175492454083,2,0.020341081882177647,1
CUST-0907,57,27.12567277652586,1631.2394017830109,3,0.205187142904807,0
CUST-0908,1,21.210847523488745,-34.2020255673106,1,0.487082544323578,0
CUST-0909,63,115.65013982994802,7202.8966511514045,3,0.8782524677323466,0
CUST-0910,54,93.75083594590069,5021.1193692717625,3,0.5272551499506771,0
CUST-0911,55,55.32514085020642,3009.7435228216345,1,0.929870482293879,0
CUST-0912,40,49.653558128765525,1898.7696709158677,3,0.48379689658279634,0
CUST-0913,15,54.97032297458495,818.1527593050437,4,0.49044909673594994,0
CUST-0914,21,97.46535311811819,2094.1947329735585,2,0.11974678850053189,0
CUST-0915,47,86.13706110704143,3984.144133345206,1,0.8026562441522198,0
CUST-0916,53,38.51955678674679,2045.9154206452595,4,0.2469654124670625,0
CUST-0917,9,37.41093353340844,356.4951855820146,1,0.8996124893723151,0
CUST-0918,52,29.839564971339733,1547.4881647459515,1,0.9108242203303961,0
CUST-0919,57,86.03027197013381,4913.01013178468,3,0.9433101118741497,0
CUST-0920,26,96.43726622217359,2517.2352849062736,1,0.52023048910309,0
CUST-0921,41,46.5046428325004,1866.0539582865947,4,0.6770937847836443,0
CUST-0922,35,22.09449610309128,848.2364922087883,3,0.7785158800616635,0
CUST-0923,63,28.217166747642736,1840.0693468053032,0,0.1310146186504656,0
CUST-0924,25,116.78600348450304,2979.145656974634,2,0.6009571949974972,1
CUST-0925,38,49.54447774774202,1933.37394144139,3,0.03429790130331167,0
CUST-0926,2,96.92231478381336,115.09565609597553,2,0.4975660833887259,0
CUST-0927,7,82.46635688542638,623.5676170885829,1,0.1548426816202274,0
CUST-0928,34,58.19396396528959,2011.3748461973216,4,0.1829229259620847,0
CUST-0929,17,40.568726219555515,612.8421649852546,1,0.3650475666926015,0
CUST-0930,43,32.138641815940645,1371.216080327944,1,0.432437166716503,0
CUST-0931,59,81.50129680388666,4822.416183895577,0,0.6231724245321872,0
CUST-0932,51,97.4633780637788,5053.84813615895,3,0.07442841843851566,0
CUST-0933,54,84.39042535411306,4593.319162016818,0,0.5036917612374446,0
CUST-0934,24,73.03021332491583,1709.496833434065,2,0.18262513025310112,0
CUST-0935,25,24.195122343163625,689.6474815016888,1,0.5739751750317419,0
CUST-0936,71,116.84887775943838,8298.45930905582,1,0.6374046122611835,0
CUST-0937,52,99.87141916545745,5180.521739758633,2,0.5567092565528539,0
CUST-0938,70,49.28220367009648,3433.3983470773132,4,0.7382955104783077,0
CUST-0939,33,117.99703293588506,3812.7243249830503,4,0.3356092442409013,1
CUST-0940,49,80.18815896363222,3923.7313140271717,3,0.7651065916331309,0
CUST-0941,29,78.24226582072464,2293.8999716662975,4,0.43276708170819367,1
CUST-0942,63,94.8073179429532,5953.591864029791,1,0.4841844983225968,0
CUST-0943,22,101.17697880901376,2246.9161576606803,2,0.6481021272610714,0
CUST-0944,26,85.64786073315027,2183.624825516198,1,0.01835838399922396,0
CUST-0945,28,32.80957463662,911.621694111479,1,0.6539942214202483,0
CUST-0946,49,53.82675059944984,2653.3377957034736,4,0.6185851490721154,0
CUST-0947,71,112.80836403260497,8018.876890168123,2,0.3098471167532799,1
CUST-0948,49,42.46156118438519,2000.3432435489221,0,0.08579428489948948,0
CUST-0949,20,57.21670238375133,1122.3837501314651,3,0.09093544991304114,0
CUST-0950,63,63.2076882944196,4065.9575090640647,1,0.9232237469852286,0
CUST-0951,61,63.940498969445215,3875.7481334196323,2,0.6892793212258371,0
CUST-0952,49,81.29395824945254,3984.194331428767,2,0.1271026137707404,0
CUST-0953,71,114.30758377447076,8111.500660459977,0,0.35672316930890635,0
CUST-0954,1,44.06927118325049,122.48125912923305,2,0.5924829939015964,0
CUST-0955,13,32.150137630091805,482.470195300927,5,0.8355717050906487,1
CUST-0956,51,39.74704898599373,2067.4760482766205,2,0.04366092871300853,0
CUST-0957,56,108.69249002092695,6038.117325503283,3,0.23663313147000886,0
CUST-0958,62,84.5810812655206,5261.986190921882,0,0.88974899029538,0
CUST-0959,32,48.590678923916016,1583.298812719069,2,0.009165550183816484,0
CUST-0960,30,101.59469389686173,3012.910575126049,1,0.2013991027938874,0
CUST-0961,29,106.1369996363436,3034.44713416158,3,0.959024175972966,0
CUST-0962,49,104.6514338690278,5213.170966942713,2,0.6134018465221711,1
CUST-0963,45,111.89265336395545,5020.129235767149,1,0.26167136663750645,0
CUST-0964,30,45.22410201733616,1437.4719014656423,2,0.0669910943958476,0
CUST-0965,16,95.50419287462783,1577.921773768772,1,0.028191340447222157,1
CUST-0966,40,66.053949727414,2662.5518282153257,2,0.24474507963692727,0
CUST-0967,19,104.19985528900615,2002.4238223090913,5,0.8814858195889105,0
CUST-0968,18,92.84906771616131,1601.2622408743655,3,0.4159136542975095,0
CUST-0969,1,97.64474464997247,107.98348364169328,4,0.720333369165993,0
CUST-0970,47,85.61618376810715,4094.8116577501173,2,0.9182850353799578,0
CUST-0971,66,37.74287694697068,2525.0968536593455,2,0.4080404616028166,0
CUST-0972,38,74.50269188969384,2838.819126161586,0,0.19127737103739706,0
CUST-0973,51,118.46697395245081,6127.412531365843,2,0.5171179308569195,0
CUST-0974,63,113.73880664971189,7156.29278279881,1,0.9080836870598544,0
CUST-0975,4,24.31737357970117,66.29171056772046,1,0.8043744141377006,0
CUST-0976,1,36.481481572943714,44.17307737685656,2,0.06582984336315378,1
CUST-0977,8,33.17287734545619,303.70638716922934,3,0.6925728000775818,0
CUST-0978,29,92.59799099852955,2599.452034166944,1,0.5718975224589538,0
CUST-0979,55,101.77853298569451,5612.062746387718,2,0.9074631763464255,0
CUST-0980,3,41.35113663106719,164.57066067001708,1,0.12248141685029723,0
CUST-0981,32,70.5852692951829,2245.2465361810096,2,0.5340361132046566,0
CUST-0982,10,104.07030280112,1096.0512663263319,1,0.8794626935118923,0
CUST-0983,34,93.28015447662506,3203.5845853258056,1,0.410023786741743,0
CUST-0984,55,74.22372054918483,4189.37378613072,3,0.48199491773286707,1
CUST-0985,32,79.03476904587728,2491.5824645890125,3,0.0704606776669583,1
CUST-0986,50,70.836054691628,3583.338227106204,1,0.2781436404489108,0
CUST-0987,7,49.75484513188206,297.41772053330413,0,0.32450664916894734,0
CUST-0988,8,76.50219928590161,531.2492717233765,3,0.9451224487448869,0
CUST-0989,65,88.88853020500906,5675.977921184695,3,0.28266736054115904,0
CUST-0990,57,107.33229158608077,6144.8568215264495,3,0.460868735269652,0
CUST-0991,67,83.62913539792481,5612.3644673581675,0,0.6713044235642798,0
CUST-0992,59,96.1121537043158,5646.664515686544,0,0.1621833724078774,0
CUST-0993,54,36.0071634954573,1855.7116120572134,0,0.4864423871418745,0
CUST-0994,67,66.15574744197899,4397.915747305658,4,0.7385390394759076,0
CUST-0995,51,20.93316198270933,1067.7959115019485,1,0.866855213027066,0
CUST-0996,8,44.66788645216231,397.0015599569534,3,0.6262592746624267,0
CUST-0997,34,92.64617151130048,3149.1430438718353,0,0.6690535153169479,0
CUST-0998,35,119.18099513493634,4183.937846858036,0,0.12628347258456896,0
CUST-0999,32,29.91780995872159,938.5632996303841,4,0.9457764972463472,0
